{
  "0": {
    "EXT_SOURCE_1": {
      "min": 0.0,
      "q1": 0.0,
      "median": 0.0,
      "q3": 0.4711583976965854,
      "max": 0.962692770561306
    },
    "EXT_SOURCE_2": {
      "min": 0.0,
      "q1": 0.4090608964004009,
      "median": 0.5736907748085684,
      "q3": 0.6676954347962079,
      "max": 0.8549996664047012
    },
    "EXT_SOURCE_3": {
      "min": 0.0,
      "q1": 0.2009260877159709,
      "median": 0.475849908720221,
      "q3": 0.6430255641096323,
      "max": 0.8939760746042866
    },
    "cc_PERIODE_Y_sum_sum": {
      "min": 0.0,
      "q1": 0.0,
      "median": 0.0,
      "q3": 0.0,
      "max": 11.0
    }
  },
  "1": {
    "EXT_SOURCE_1": {
      "min": 0.0,
      "q1": 0.0,
      "median": 0.0,
      "q3": 0.2925769317152808,
      "max": 0.9254964990964948
    },
    "EXT_SOURCE_2": {
      "min": 0.0,
      "q1": 0.23678365212468147,
      "median": 0.4404965007767725,
      "q3": 0.5939483815906128,
      "max": 0.8118697375483006
    },
    "EXT_SOURCE_3": {
      "min": 0.0,
      "q1": 0.054864043947817,
      "median": 0.2881295999178507,
      "q3": 0.4974688893052743,
      "max": 0.8960095494948396
    },
    "cc_PERIODE_Y_sum_sum": {
      "min": 0.0,
      "q1": 0.0,
      "median": 0.0,
      "q3": 0.0,
      "max": 21.0
    }
  }
}