{
  "NAME_INCOME_TYPE_Working": 5.241620787991481,
  "EXT_SOURCE_2": 25.800427899617624,
  "NAME_EDUCATION_TYPE_Higher education": 6.435233395289671,
  "NAME_EDUCATION_TYPE_Secondary / secondary special": 1.9665732451679376,
  "cc_PERIODE_Y_sum_sum": 4.569511546852401,
  "FLAG_EMP_PHONE": 2.8493398346850682,
  "EXT_SOURCE_1": 12.983907142441007,
  "EXT_SOURCE_3": 33.761382518796566,
  "FLAG_DOCUMENT_3": 2.030045247206061,
  "CODE_GENDER": 3.7367751169182157,
  "FLAG_OWN_CAR": 0.6251832650339644
}